{
	"criteria": {
		"requirement": {
			"trigger": "minecraft:inventory_changed",
			"conditions": {
				"player": [
					{
						"condition": "minecraft:entity_properties",
						"entity": "this",
						"predicate": {
							"location": {
								"position": {
									"x": {
										"min": 107,
										"max": 162
									},
									"y": {
										"min": 53,
										"max": 107
									},
									"z": {
										"min": -134,
										"max": -115
									}
								}
							}
						}
					}
				]
			}
		}
	},
	"rewards": {
		"function": "python_datapack_summit:advancements/inventory_changed"
	}
}
