{
	"pools": [
		{
			"rolls": 1,
			"entries": [
				{
					"type": "minecraft:item",
					"name": "minecraft:iron_hoe",
					"functions": [
						{
							"function": "minecraft:set_components",
							"components": {
								"minecraft:custom_data": {
									"smithed": {"dict": {"tools": {"steel": true,"hoe": true}},"ignore": {"functionality": true,"crafting": true}},
									"python_datapack_summit": {"steel_hoe": true}
								},
								"minecraft:max_damage": 750,
								"minecraft:attribute_modifiers": [
									{"type": "generic.attack_damage","amount": 2,"operation": "add_value","slot": "mainhand","id": "python_datapack_summit:generic.attack_damage.mainhand"},
									{"type": "generic.attack_speed","amount": -1.0,"operation": "add_value","slot": "mainhand","id": "python_datapack_summit:generic.attack_speed.mainhand"},
									{"type": "player.mining_efficiency","amount": 0.2,"operation": "add_value","slot": "mainhand","id": "python_datapack_summit:player.mining_efficiency.mainhand"}
								],
								"minecraft:custom_model_data": 2010017,
								"minecraft:item_name": "{'text': 'Steel Hoe', 'italic': false, 'color': 'white'}",
								"minecraft:lore": [
									"{'text': 'PythonDatapackSummit', 'italic': true, 'color': 'blue'}"
								]
							}
						}
					]
				}
			]
		}
	]
}
